index,lang_id
1,xho
2,xho
3,xho
4,ssw
5,xho
6,xho
7,xho
8,xho
9,xho
10,xho
11,xho
12,xho
13,xho
14,xho
15,xho
16,xho
17,xho
18,ssw
19,xho
20,xho
21,afr
22,xho
23,xho
24,xho
25,xho
26,xho
27,xho
28,xho
29,xho
30,xho
31,xho
32,xho
33,xho
34,xho
35,xho
36,xho
37,xho
38,xho
39,xho
40,xho
41,zul
42,ssw
43,xho
44,xho
45,xho
46,xho
47,xho
48,xho
49,xho
50,xho
51,xho
52,xho
53,xho
54,xho
55,xho
56,xho
57,xho
58,xho
59,ssw
60,xho
61,xho
62,xho
63,xho
64,xho
65,xho
66,xho
67,xho
68,xho
69,xho
70,xho
71,xho
72,xho
73,xho
74,xho
75,xho
76,xho
77,xho
78,xho
79,xho
80,ssw
81,xho
82,xho
83,xho
84,xho
85,xho
86,xho
87,xho
88,xho
89,xho
90,xho
91,xho
92,xho
93,xho
94,xho
95,xho
96,xho
97,xho
98,ssw
99,xho
100,xho
101,xho
102,xho
103,xho
104,xho
105,xho
106,xho
107,xho
108,xho
109,xho
110,xho
111,xho
112,xho
113,xho
114,xho
115,xho
116,xho
117,xho
118,xho
119,xho
120,xho
121,xho
122,xho
123,xho
124,xho
125,xho
126,xho
127,xho
128,xho
129,xho
130,xho
131,xho
132,xho
133,xho
134,xho
135,xho
136,xho
137,xho
138,xho
139,xho
140,xho
141,xho
142,xho
143,nbl
144,xho
145,xho
146,xho
147,xho
148,xho
149,xho
150,xho
151,xho
152,xho
153,xho
154,xho
155,xho
156,xho
157,xho
158,xho
159,xho
160,xho
161,xho
162,xho
163,xho
164,xho
165,xho
166,xho
167,nbl
168,xho
169,xho
170,xho
171,xho
172,xho
173,xho
174,xho
175,xho
176,xho
177,xho
178,xho
179,xho
180,xho
181,xho
182,xho
183,xho
184,ssw
185,xho
186,xho
187,xho
188,xho
189,xho
190,xho
191,xho
192,xho
193,xho
194,xho
195,xho
196,xho
197,xho
198,xho
199,xho
200,xho
201,xho
202,xho
203,xho
204,xho
205,nbl
206,xho
207,xho
208,xho
209,xho
210,ssw
211,xho
212,xho
213,xho
214,xho
215,xho
216,xho
217,xho
218,xho
219,xho
220,xho
221,xho
222,xho
223,xho
224,xho
225,xho
226,xho
227,xho
228,xho
229,xho
230,xho
231,xho
232,xho
233,xho
234,xho
235,xho
236,xho
237,xho
238,xho
239,xho
240,xho
241,xho
242,xho
243,xho
244,xho
245,ssw
246,xho
247,xho
248,xho
249,xho
250,ssw
251,xho
252,xho
253,xho
254,xho
255,xho
256,xho
257,xho
258,xho
259,xho
260,xho
261,xho
262,xho
263,xho
264,xho
265,xho
266,xho
267,xho
268,xho
269,xho
270,xho
271,xho
272,xho
273,xho
274,xho
275,xho
276,xho
277,xho
278,xho
279,xho
280,xho
281,xho
282,xho
283,xho
284,xho
285,xho
286,xho
287,xho
288,xho
289,xho
290,xho
291,xho
292,xho
293,xho
294,xho
295,xho
296,xho
297,xho
298,xho
299,xho
300,xho
301,xho
302,xho
303,xho
304,xho
305,xho
306,xho
307,xho
308,xho
309,xho
310,xho
311,ssw
312,xho
313,xho
314,xho
315,xho
316,xho
317,xho
318,xho
319,xho
320,xho
321,xho
322,xho
323,xho
324,xho
325,xho
326,xho
327,xho
328,xho
329,xho
330,xho
331,xho
332,xho
333,ssw
334,xho
335,xho
336,xho
337,xho
338,xho
339,xho
340,xho
341,xho
342,zul
343,xho
344,xho
345,xho
346,xho
347,xho
348,xho
349,xho
350,xho
351,xho
352,xho
353,xho
354,xho
355,xho
356,xho
357,xho
358,xho
359,xho
360,xho
361,xho
362,xho
363,xho
364,xho
365,xho
366,xho
367,xho
368,xho
369,xho
370,xho
371,nbl
372,xho
373,xho
374,xho
375,xho
376,xho
377,xho
378,xho
379,xho
380,xho
381,xho
382,xho
383,xho
384,xho
385,xho
386,xho
387,xho
388,xho
389,xho
390,xho
391,xho
392,xho
393,xho
394,xho
395,xho
396,xho
397,xho
398,xho
399,xho
400,xho
401,xho
402,xho
403,xho
404,xho
405,xho
406,xho
407,xho
408,xho
409,xho
410,xho
411,xho
412,ssw
413,xho
414,xho
415,xho
416,xho
417,xho
418,xho
419,xho
420,xho
421,xho
422,xho
423,xho
424,xho
425,xho
426,xho
427,xho
428,xho
429,xho
430,xho
431,xho
432,xho
433,xho
434,xho
435,xho
436,xho
437,xho
438,xho
439,xho
440,xho
441,xho
442,xho
443,xho
444,xho
445,xho
446,xho
447,xho
448,xho
449,xho
450,xho
451,ssw
452,xho
453,xho
454,xho
455,xho
456,xho
457,xho
458,xho
459,xho
460,xho
461,xho
462,xho
463,xho
464,xho
465,xho
466,xho
467,xho
468,xho
469,xho
470,xho
471,xho
472,xho
473,xho
474,xho
475,xho
476,xho
477,xho
478,xho
479,xho
480,xho
481,xho
482,xho
483,xho
484,xho
485,xho
486,xho
487,xho
488,xho
489,xho
490,xho
491,xho
492,xho
493,xho
494,xho
495,xho
496,xho
497,xho
498,xho
499,xho
500,xho
501,xho
502,xho
503,xho
504,xho
505,xho
506,afr
507,xho
508,xho
509,xho
510,xho
511,xho
512,xho
513,xho
514,xho
515,xho
516,xho
517,xho
518,xho
519,xho
520,xho
521,xho
522,xho
523,xho
524,xho
525,xho
526,xho
527,xho
528,xho
529,xho
530,xho
531,xho
532,xho
533,xho
534,xho
535,xho
536,xho
537,xho
538,xho
539,xho
540,xho
541,xho
542,zul
543,xho
544,xho
545,xho
546,xho
547,xho
548,xho
549,xho
550,xho
551,xho
552,xho
553,xho
554,xho
555,xho
556,zul
557,xho
558,xho
559,xho
560,xho
561,xho
562,xho
563,xho
564,xho
565,xho
566,xho
567,xho
568,xho
569,xho
570,xho
571,xho
572,xho
573,xho
574,xho
575,xho
576,xho
577,xho
578,xho
579,xho
580,xho
581,xho
582,xho
583,xho
584,xho
585,xho
586,xho
587,xho
588,xho
589,xho
590,xho
591,xho
592,xho
593,xho
594,xho
595,xho
596,xho
597,ssw
598,xho
599,xho
600,xho
601,zul
602,xho
603,xho
604,xho
605,xho
606,xho
607,xho
608,xho
609,xho
610,xho
611,xho
612,xho
613,xho
614,xho
615,xho
616,xho
617,xho
618,xho
619,xho
620,xho
621,xho
622,xho
623,xho
624,xho
625,xho
626,xho
627,xho
628,xho
629,xho
630,xho
631,xho
632,xho
633,xho
634,xho
635,xho
636,xho
637,xho
638,xho
639,xho
640,xho
641,xho
642,xho
643,xho
644,xho
645,xho
646,xho
647,xho
648,xho
649,xho
650,xho
651,xho
652,xho
653,ssw
654,xho
655,xho
656,xho
657,xho
658,xho
659,xho
660,xho
661,xho
662,xho
663,xho
664,xho
665,xho
666,nbl
667,xho
668,xho
669,xho
670,xho
671,xho
672,xho
673,xho
674,xho
675,xho
676,xho
677,xho
678,xho
679,xho
680,xho
681,xho
682,xho
683,xho
684,xho
685,xho
686,xho
687,xho
688,xho
689,xho
690,xho
691,xho
692,xho
693,xho
694,xho
695,xho
696,xho
697,xho
698,xho
699,xho
700,xho
701,xho
702,xho
703,xho
704,xho
705,xho
706,xho
707,xho
708,xho
709,xho
710,xho
711,xho
712,xho
713,xho
714,xho
715,xho
716,xho
717,xho
718,xho
719,afr
720,xho
721,xho
722,xho
723,xho
724,xho
725,xho
726,xho
727,xho
728,xho
729,xho
730,xho
731,xho
732,xho
733,xho
734,xho
735,xho
736,xho
737,xho
738,xho
739,xho
740,xho
741,xho
742,xho
743,xho
744,xho
745,xho
746,xho
747,xho
748,xho
749,ssw
750,xho
751,xho
752,xho
753,xho
754,xho
755,xho
756,xho
757,xho
758,xho
759,xho
760,xho
761,xho
762,xho
763,xho
764,xho
765,xho
766,xho
767,xho
768,xho
769,xho
770,xho
771,xho
772,xho
773,xho
774,xho
775,xho
776,xho
777,xho
778,xho
779,xho
780,xho
781,nbl
782,xho
783,afr
784,xho
785,xho
786,xho
787,xho
788,xho
789,xho
790,xho
791,xho
792,xho
793,nbl
794,xho
795,xho
796,xho
797,xho
798,xho
799,xho
800,xho
801,xho
802,afr
803,xho
804,xho
805,xho
806,xho
807,xho
808,xho
809,xho
810,xho
811,xho
812,xho
813,xho
814,xho
815,xho
816,xho
817,xho
818,xho
819,xho
820,xho
821,xho
822,xho
823,xho
824,xho
825,nso
826,xho
827,xho
828,xho
829,xho
830,xho
831,xho
832,xho
833,xho
834,ssw
835,xho
836,xho
837,xho
838,xho
839,xho
840,xho
841,xho
842,xho
843,xho
844,xho
845,xho
846,xho
847,xho
848,xho
849,xho
850,xho
851,xho
852,zul
853,xho
854,xho
855,xho
856,xho
857,xho
858,xho
859,xho
860,xho
861,nbl
862,xho
863,xho
864,xho
865,xho
866,xho
867,xho
868,xho
869,xho
870,xho
871,xho
872,xho
873,xho
874,xho
875,xho
876,xho
877,xho
878,xho
879,xho
880,xho
881,xho
882,xho
883,xho
884,xho
885,xho
886,xho
887,xho
888,xho
889,xho
890,xho
891,xho
892,xho
893,xho
894,xho
895,xho
896,xho
897,xho
898,xho
899,xho
900,xho
901,xho
902,xho
903,xho
904,xho
905,xho
906,xho
907,xho
908,xho
909,xho
910,xho
911,xho
912,xho
913,xho
914,xho
915,xho
916,xho
917,xho
918,ssw
919,xho
920,xho
921,xho
922,xho
923,ssw
924,xho
925,xho
926,xho
927,xho
928,xho
929,xho
930,xho
931,xho
932,xho
933,xho
934,xho
935,xho
936,xho
937,xho
938,xho
939,xho
940,xho
941,xho
942,xho
943,xho
944,xho
945,xho
946,xho
947,xho
948,xho
949,xho
950,xho
951,xho
952,xho
953,xho
954,xho
955,xho
956,xho
957,xho
958,xho
959,xho
960,xho
961,xho
962,xho
963,xho
964,xho
965,xho
966,xho
967,xho
968,xho
969,xho
970,xho
971,xho
972,ven
973,xho
974,xho
975,xho
976,xho
977,xho
978,xho
979,xho
980,zul
981,xho
982,xho
983,xho
984,xho
985,xho
986,xho
987,xho
988,xho
989,xho
990,xho
991,xho
992,xho
993,xho
994,xho
995,xho
996,xho
997,xho
998,xho
999,ssw
1000,xho
1001,xho
1002,xho
1003,xho
1004,xho
1005,xho
1006,xho
1007,xho
1008,ssw
1009,xho
1010,xho
1011,xho
1012,xho
1013,xho
1014,xho
1015,xho
1016,xho
1017,xho
1018,xho
1019,xho
1020,xho
1021,xho
1022,xho
1023,xho
1024,xho
1025,xho
1026,xho
1027,xho
1028,xho
1029,xho
1030,xho
1031,xho
1032,xho
1033,xho
1034,xho
1035,xho
1036,xho
1037,xho
1038,xho
1039,xho
1040,xho
1041,xho
1042,xho
1043,xho
1044,xho
1045,xho
1046,xho
1047,xho
1048,eng
1049,xho
1050,ssw
1051,xho
1052,xho
1053,xho
1054,xho
1055,xho
1056,xho
1057,xho
1058,xho
1059,xho
1060,xho
1061,xho
1062,xho
1063,xho
1064,xho
1065,xho
1066,zul
1067,xho
1068,ssw
1069,xho
1070,xho
1071,xho
1072,xho
1073,xho
1074,xho
1075,xho
1076,xho
1077,xho
1078,xho
1079,xho
1080,xho
1081,xho
1082,xho
1083,xho
1084,xho
1085,zul
1086,xho
1087,xho
1088,xho
1089,xho
1090,xho
1091,xho
1092,xho
1093,xho
1094,xho
1095,xho
1096,xho
1097,xho
1098,xho
1099,xho
1100,xho
1101,xho
1102,xho
1103,xho
1104,xho
1105,xho
1106,xho
1107,xho
1108,xho
1109,xho
1110,xho
1111,xho
1112,xho
1113,xho
1114,xho
1115,xho
1116,xho
1117,xho
1118,xho
1119,xho
1120,xho
1121,xho
1122,xho
1123,xho
1124,xho
1125,xho
1126,xho
1127,xho
1128,xho
1129,xho
1130,xho
1131,xho
1132,xho
1133,xho
1134,xho
1135,xho
1136,xho
1137,xho
1138,xho
1139,xho
1140,xho
1141,xho
1142,xho
1143,xho
1144,xho
1145,xho
1146,xho
1147,xho
1148,xho
1149,xho
1150,nso
1151,xho
1152,xho
1153,xho
1154,xho
1155,xho
1156,xho
1157,xho
1158,xho
1159,xho
1160,xho
1161,xho
1162,xho
1163,ssw
1164,xho
1165,xho
1166,xho
1167,xho
1168,xho
1169,xho
1170,xho
1171,xho
1172,xho
1173,xho
1174,xho
1175,xho
1176,ssw
1177,xho
1178,nbl
1179,xho
1180,xho
1181,xho
1182,xho
1183,xho
1184,xho
1185,xho
1186,xho
1187,xho
1188,xho
1189,xho
1190,xho
1191,xho
1192,xho
1193,xho
1194,xho
1195,xho
1196,xho
1197,xho
1198,xho
1199,xho
1200,xho
1201,xho
1202,xho
1203,xho
1204,xho
1205,xho
1206,xho
1207,xho
1208,xho
1209,xho
1210,xho
1211,xho
1212,xho
1213,xho
1214,xho
1215,xho
1216,xho
1217,xho
1218,xho
1219,xho
1220,xho
1221,xho
1222,xho
1223,xho
1224,xho
1225,xho
1226,xho
1227,xho
1228,xho
1229,xho
1230,xho
1231,xho
1232,xho
1233,xho
1234,xho
1235,xho
1236,xho
1237,xho
1238,xho
1239,xho
1240,xho
1241,xho
1242,ssw
1243,xho
1244,xho
1245,xho
1246,xho
1247,xho
1248,xho
1249,nbl
1250,xho
1251,xho
1252,xho
1253,xho
1254,xho
1255,xho
1256,xho
1257,xho
1258,xho
1259,xho
1260,ssw
1261,xho
1262,xho
1263,xho
1264,xho
1265,xho
1266,xho
1267,xho
1268,xho
1269,xho
1270,xho
1271,xho
1272,xho
1273,xho
1274,xho
1275,xho
1276,xho
1277,xho
1278,xho
1279,xho
1280,xho
1281,xho
1282,xho
1283,xho
1284,xho
1285,afr
1286,xho
1287,xho
1288,xho
1289,xho
1290,xho
1291,xho
1292,xho
1293,xho
1294,xho
1295,xho
1296,xho
1297,xho
1298,xho
1299,xho
1300,xho
1301,xho
1302,xho
1303,xho
1304,xho
1305,xho
1306,xho
1307,xho
1308,xho
1309,xho
1310,xho
1311,xho
1312,xho
1313,xho
1314,xho
1315,xho
1316,xho
1317,ssw
1318,xho
1319,xho
1320,xho
1321,xho
1322,xho
1323,afr
1324,xho
1325,xho
1326,xho
1327,xho
1328,xho
1329,xho
1330,xho
1331,xho
1332,xho
1333,xho
1334,xho
1335,xho
1336,xho
1337,xho
1338,xho
1339,xho
1340,xho
1341,xho
1342,xho
1343,xho
1344,xho
1345,xho
1346,xho
1347,xho
1348,xho
1349,xho
1350,xho
1351,xho
1352,xho
1353,xho
1354,xho
1355,xho
1356,xho
1357,xho
1358,xho
1359,xho
1360,xho
1361,xho
1362,xho
1363,xho
1364,xho
1365,xho
1366,xho
1367,xho
1368,xho
1369,xho
1370,xho
1371,xho
1372,xho
1373,xho
1374,xho
1375,xho
1376,xho
1377,xho
1378,xho
1379,xho
1380,xho
1381,xho
1382,xho
1383,xho
1384,xho
1385,xho
1386,xho
1387,xho
1388,xho
1389,xho
1390,xho
1391,ssw
1392,xho
1393,xho
1394,xho
1395,xho
1396,nso
1397,xho
1398,xho
1399,xho
1400,xho
1401,xho
1402,xho
1403,xho
1404,xho
1405,xho
1406,xho
1407,xho
1408,xho
1409,xho
1410,xho
1411,xho
1412,xho
1413,xho
1414,xho
1415,xho
1416,xho
1417,xho
1418,xho
1419,xho
1420,xho
1421,xho
1422,xho
1423,xho
1424,xho
1425,xho
1426,xho
1427,xho
1428,xho
1429,xho
1430,xho
1431,xho
1432,xho
1433,xho
1434,xho
1435,xho
1436,xho
1437,xho
1438,xho
1439,xho
1440,xho
1441,xho
1442,xho
1443,xho
1444,xho
1445,xho
1446,xho
1447,xho
1448,xho
1449,xho
1450,xho
1451,xho
1452,xho
1453,xho
1454,xho
1455,xho
1456,xho
1457,xho
1458,xho
1459,xho
1460,nbl
1461,xho
1462,xho
1463,xho
1464,xho
1465,xho
1466,xho
1467,xho
1468,xho
1469,tsn
1470,xho
1471,xho
1472,xho
1473,xho
1474,xho
1475,xho
1476,xho
1477,xho
1478,xho
1479,xho
1480,xho
1481,xho
1482,xho
1483,xho
1484,xho
1485,xho
1486,xho
1487,xho
1488,xho
1489,xho
1490,ssw
1491,xho
1492,xho
1493,xho
1494,xho
1495,xho
1496,xho
1497,xho
1498,xho
1499,xho
1500,xho
1501,xho
1502,ssw
1503,xho
1504,xho
1505,xho
1506,xho
1507,xho
1508,xho
1509,xho
1510,xho
1511,xho
1512,xho
1513,xho
1514,xho
1515,xho
1516,xho
1517,xho
1518,xho
1519,xho
1520,xho
1521,xho
1522,xho
1523,xho
1524,xho
1525,xho
1526,xho
1527,xho
1528,xho
1529,xho
1530,xho
1531,xho
1532,xho
1533,xho
1534,xho
1535,xho
1536,xho
1537,xho
1538,xho
1539,xho
1540,xho
1541,xho
1542,xho
1543,xho
1544,xho
1545,xho
1546,xho
1547,xho
1548,xho
1549,xho
1550,xho
1551,xho
1552,xho
1553,xho
1554,xho
1555,xho
1556,xho
1557,xho
1558,xho
1559,xho
1560,xho
1561,nbl
1562,xho
1563,xho
1564,xho
1565,xho
1566,xho
1567,xho
1568,xho
1569,xho
1570,xho
1571,xho
1572,xho
1573,ssw
1574,xho
1575,xho
1576,ssw
1577,xho
1578,afr
1579,xho
1580,zul
1581,xho
1582,xho
1583,xho
1584,xho
1585,xho
1586,xho
1587,xho
1588,xho
1589,zul
1590,xho
1591,xho
1592,xho
1593,xho
1594,xho
1595,xho
1596,xho
1597,xho
1598,zul
1599,xho
1600,xho
1601,xho
1602,xho
1603,xho
1604,xho
1605,xho
1606,xho
1607,xho
1608,xho
1609,xho
1610,xho
1611,xho
1612,xho
1613,xho
1614,xho
1615,xho
1616,xho
1617,xho
1618,xho
1619,xho
1620,xho
1621,xho
1622,xho
1623,xho
1624,xho
1625,xho
1626,xho
1627,xho
1628,xho
1629,xho
1630,xho
1631,xho
1632,xho
1633,xho
1634,xho
1635,zul
1636,xho
1637,xho
1638,xho
1639,xho
1640,xho
1641,xho
1642,xho
1643,xho
1644,xho
1645,xho
1646,xho
1647,xho
1648,xho
1649,ssw
1650,xho
1651,xho
1652,xho
1653,xho
1654,xho
1655,xho
1656,xho
1657,xho
1658,xho
1659,afr
1660,xho
1661,xho
1662,xho
1663,xho
1664,xho
1665,nbl
1666,xho
1667,xho
1668,xho
1669,xho
1670,xho
1671,xho
1672,xho
1673,xho
1674,xho
1675,afr
1676,xho
1677,xho
1678,xho
1679,nbl
1680,xho
1681,xho
1682,xho
1683,xho
1684,xho
1685,xho
1686,xho
1687,xho
1688,xho
1689,xho
1690,xho
1691,xho
1692,xho
1693,xho
1694,xho
1695,xho
1696,xho
1697,xho
1698,xho
1699,xho
1700,xho
1701,xho
1702,xho
1703,xho
1704,xho
1705,xho
1706,xho
1707,xho
1708,xho
1709,ssw
1710,xho
1711,xho
1712,xho
1713,xho
1714,xho
1715,xho
1716,xho
1717,xho
1718,xho
1719,xho
1720,xho
1721,xho
1722,xho
1723,xho
1724,xho
1725,xho
1726,xho
1727,xho
1728,xho
1729,xho
1730,xho
1731,xho
1732,xho
1733,xho
1734,xho
1735,xho
1736,xho
1737,xho
1738,xho
1739,xho
1740,xho
1741,xho
1742,xho
1743,ven
1744,xho
1745,xho
1746,xho
1747,xho
1748,xho
1749,xho
1750,xho
1751,xho
1752,xho
1753,xho
1754,xho
1755,xho
1756,xho
1757,xho
1758,xho
1759,xho
1760,xho
1761,xho
1762,ssw
1763,xho
1764,xho
1765,xho
1766,xho
1767,xho
1768,xho
1769,xho
1770,xho
1771,xho
1772,xho
1773,xho
1774,xho
1775,xho
1776,xho
1777,xho
1778,xho
1779,xho
1780,xho
1781,xho
1782,xho
1783,xho
1784,xho
1785,xho
1786,xho
1787,nbl
1788,xho
1789,xho
1790,xho
1791,afr
1792,xho
1793,xho
1794,xho
1795,xho
1796,xho
1797,xho
1798,xho
1799,xho
1800,xho
1801,xho
1802,xho
1803,xho
1804,xho
1805,xho
1806,xho
1807,xho
1808,xho
1809,xho
1810,xho
1811,xho
1812,xho
1813,xho
1814,xho
1815,xho
1816,xho
1817,xho
1818,xho
1819,xho
1820,xho
1821,xho
1822,xho
1823,xho
1824,xho
1825,xho
1826,xho
1827,xho
1828,xho
1829,ssw
1830,xho
1831,xho
1832,xho
1833,xho
1834,xho
1835,xho
1836,xho
1837,xho
1838,xho
1839,xho
1840,xho
1841,xho
1842,xho
1843,xho
1844,xho
1845,xho
1846,nbl
1847,xho
1848,xho
1849,xho
1850,xho
1851,xho
1852,xho
1853,xho
1854,xho
1855,xho
1856,xho
1857,xho
1858,xho
1859,xho
1860,xho
1861,xho
1862,xho
1863,xho
1864,xho
1865,xho
1866,xho
1867,zul
1868,xho
1869,xho
1870,xho
1871,xho
1872,xho
1873,xho
1874,xho
1875,xho
1876,xho
1877,xho
1878,xho
1879,xho
1880,xho
1881,xho
1882,xho
1883,xho
1884,xho
1885,xho
1886,ssw
1887,xho
1888,xho
1889,xho
1890,xho
1891,xho
1892,xho
1893,xho
1894,nbl
1895,xho
1896,xho
1897,xho
1898,xho
1899,xho
1900,xho
1901,xho
1902,xho
1903,xho
1904,xho
1905,xho
1906,xho
1907,xho
1908,xho
1909,xho
1910,xho
1911,xho
1912,xho
1913,xho
1914,xho
1915,xho
1916,xho
1917,xho
1918,xho
1919,xho
1920,xho
1921,xho
1922,xho
1923,xho
1924,xho
1925,xho
1926,xho
1927,xho
1928,xho
1929,xho
1930,xho
1931,xho
1932,xho
1933,xho
1934,xho
1935,xho
1936,xho
1937,xho
1938,xho
1939,xho
1940,xho
1941,xho
1942,xho
1943,xho
1944,xho
1945,zul
1946,xho
1947,xho
1948,xho
1949,xho
1950,xho
1951,xho
1952,xho
1953,xho
1954,xho
1955,xho
1956,ssw
1957,xho
1958,xho
1959,xho
1960,xho
1961,xho
1962,xho
1963,xho
1964,xho
1965,ssw
1966,xho
1967,xho
1968,xho
1969,xho
1970,xho
1971,xho
1972,xho
1973,xho
1974,xho
1975,nbl
1976,xho
1977,xho
1978,xho
1979,xho
1980,xho
1981,xho
1982,xho
1983,xho
1984,xho
1985,ssw
1986,xho
1987,xho
1988,xho
1989,xho
1990,xho
1991,xho
1992,xho
1993,xho
1994,xho
1995,xho
1996,xho
1997,xho
1998,xho
1999,xho
2000,xho
2001,xho
2002,xho
2003,xho
2004,xho
2005,xho
2006,xho
2007,xho
2008,xho
2009,xho
2010,xho
2011,ssw
2012,xho
2013,xho
2014,xho
2015,xho
2016,xho
2017,xho
2018,xho
2019,xho
2020,xho
2021,xho
2022,xho
2023,xho
2024,xho
2025,xho
2026,xho
2027,xho
2028,xho
2029,xho
2030,xho
2031,xho
2032,xho
2033,xho
2034,xho
2035,xho
2036,xho
2037,xho
2038,xho
2039,xho
2040,xho
2041,xho
2042,xho
2043,xho
2044,xho
2045,xho
2046,xho
2047,xho
2048,xho
2049,xho
2050,xho
2051,xho
2052,xho
2053,xho
2054,xho
2055,xho
2056,xho
2057,xho
2058,xho
2059,xho
2060,xho
2061,xho
2062,xho
2063,xho
2064,xho
2065,xho
2066,xho
2067,xho
2068,xho
2069,xho
2070,xho
2071,xho
2072,xho
2073,xho
2074,xho
2075,xho
2076,xho
2077,xho
2078,xho
2079,xho
2080,xho
2081,xho
2082,xho
2083,xho
2084,xho
2085,xho
2086,xho
2087,xho
2088,xho
2089,xho
2090,xho
2091,xho
2092,xho
2093,xho
2094,xho
2095,xho
2096,xho
2097,xho
2098,xho
2099,xho
2100,xho
2101,xho
2102,xho
2103,xho
2104,xho
2105,xho
2106,xho
2107,zul
2108,xho
2109,xho
2110,xho
2111,xho
2112,xho
2113,afr
2114,xho
2115,xho
2116,xho
2117,xho
2118,xho
2119,xho
2120,xho
2121,xho
2122,xho
2123,xho
2124,xho
2125,xho
2126,xho
2127,xho
2128,xho
2129,xho
2130,xho
2131,xho
2132,xho
2133,xho
2134,xho
2135,xho
2136,xho
2137,xho
2138,xho
2139,xho
2140,xho
2141,xho
2142,xho
2143,xho
2144,xho
2145,xho
2146,xho
2147,xho
2148,xho
2149,zul
2150,xho
2151,xho
2152,xho
2153,xho
2154,xho
2155,xho
2156,zul
2157,xho
2158,zul
2159,xho
2160,xho
2161,xho
2162,xho
2163,xho
2164,xho
2165,xho
2166,xho
2167,xho
2168,xho
2169,xho
2170,xho
2171,xho
2172,xho
2173,xho
2174,xho
2175,xho
2176,xho
2177,xho
2178,xho
2179,xho
2180,xho
2181,xho
2182,xho
2183,xho
2184,xho
2185,xho
2186,xho
2187,xho
2188,xho
2189,xho
2190,xho
2191,xho
2192,xho
2193,xho
2194,xho
2195,xho
2196,xho
2197,xho
2198,xho
2199,xho
2200,xho
2201,xho
2202,xho
2203,xho
2204,xho
2205,nbl
2206,xho
2207,xho
2208,xho
2209,xho
2210,xho
2211,xho
2212,ssw
2213,xho
2214,xho
2215,xho
2216,xho
2217,xho
2218,xho
2219,xho
2220,xho
2221,xho
2222,xho
2223,xho
2224,xho
2225,xho
2226,xho
2227,xho
2228,xho
2229,xho
2230,xho
2231,xho
2232,xho
2233,xho
2234,xho
2235,xho
2236,xho
2237,xho
2238,xho
2239,xho
2240,xho
2241,xho
2242,xho
2243,afr
2244,xho
2245,xho
2246,xho
2247,xho
2248,xho
2249,xho
2250,xho
2251,xho
2252,ssw
2253,xho
2254,xho
2255,xho
2256,xho
2257,xho
2258,xho
2259,xho
2260,xho
2261,xho
2262,xho
2263,xho
2264,xho
2265,xho
2266,xho
2267,xho
2268,xho
2269,xho
2270,xho
2271,xho
2272,xho
2273,xho
2274,xho
2275,xho
2276,xho
2277,xho
2278,xho
2279,xho
2280,xho
2281,xho
2282,xho
2283,xho
2284,xho
2285,xho
2286,xho
2287,xho
2288,xho
2289,xho
2290,xho
2291,xho
2292,xho
2293,xho
2294,xho
2295,ssw
2296,xho
2297,xho
2298,xho
2299,xho
2300,xho
2301,xho
2302,xho
2303,xho
2304,xho
2305,xho
2306,xho
2307,tsn
2308,xho
2309,xho
2310,xho
2311,xho
2312,xho
2313,xho
2314,xho
2315,xho
2316,xho
2317,xho
2318,xho
2319,xho
2320,xho
2321,xho
2322,xho
2323,xho
2324,xho
2325,xho
2326,xho
2327,xho
2328,xho
2329,xho
2330,xho
2331,xho
2332,xho
2333,xho
2334,xho
2335,xho
2336,xho
2337,xho
2338,xho
2339,xho
2340,xho
2341,xho
2342,xho
2343,ssw
2344,xho
2345,xho
2346,xho
2347,xho
2348,xho
2349,xho
2350,xho
2351,xho
2352,xho
2353,xho
2354,xho
2355,xho
2356,xho
2357,xho
2358,xho
2359,xho
2360,xho
2361,xho
2362,xho
2363,xho
2364,xho
2365,xho
2366,xho
2367,xho
2368,xho
2369,xho
2370,xho
2371,xho
2372,xho
2373,xho
2374,xho
2375,xho
2376,xho
2377,xho
2378,xho
2379,xho
2380,xho
2381,xho
2382,xho
2383,xho
2384,xho
2385,xho
2386,xho
2387,xho
2388,xho
2389,xho
2390,xho
2391,xho
2392,xho
2393,xho
2394,xho
2395,xho
2396,xho
2397,xho
2398,xho
2399,xho
2400,xho
2401,xho
2402,xho
2403,xho
2404,xho
2405,xho
2406,xho
2407,xho
2408,xho
2409,xho
2410,xho
2411,xho
2412,xho
2413,xho
2414,xho
2415,xho
2416,xho
2417,xho
2418,xho
2419,xho
2420,xho
2421,xho
2422,xho
2423,xho
2424,xho
2425,xho
2426,xho
2427,xho
2428,xho
2429,xho
2430,xho
2431,xho
2432,xho
2433,xho
2434,xho
2435,xho
2436,xho
2437,xho
2438,nbl
2439,xho
2440,xho
2441,xho
2442,xho
2443,xho
2444,xho
2445,xho
2446,xho
2447,xho
2448,xho
2449,xho
2450,xho
2451,xho
2452,xho
2453,xho
2454,xho
2455,xho
2456,xho
2457,xho
2458,xho
2459,xho
2460,xho
2461,xho
2462,xho
2463,xho
2464,xho
2465,zul
2466,xho
2467,xho
2468,xho
2469,xho
2470,xho
2471,xho
2472,xho
2473,xho
2474,xho
2475,nbl
2476,xho
2477,xho
2478,xho
2479,xho
2480,xho
2481,xho
2482,xho
2483,xho
2484,xho
2485,xho
2486,xho
2487,xho
2488,xho
2489,xho
2490,xho
2491,nbl
2492,xho
2493,xho
2494,xho
2495,xho
2496,xho
2497,xho
2498,xho
2499,xho
2500,xho
2501,xho
2502,xho
2503,xho
2504,xho
2505,nbl
2506,xho
2507,xho
2508,xho
2509,xho
2510,xho
2511,xho
2512,xho
2513,xho
2514,ssw
2515,xho
2516,xho
2517,xho
2518,xho
2519,xho
2520,xho
2521,xho
2522,xho
2523,xho
2524,xho
2525,xho
2526,xho
2527,xho
2528,xho
2529,zul
2530,xho
2531,xho
2532,xho
2533,xho
2534,xho
2535,xho
2536,xho
2537,xho
2538,xho
2539,xho
2540,xho
2541,xho
2542,xho
2543,xho
2544,xho
2545,xho
2546,xho
2547,xho
2548,xho
2549,xho
2550,xho
2551,xho
2552,xho
2553,xho
2554,xho
2555,xho
2556,xho
2557,xho
2558,xho
2559,xho
2560,xho
2561,xho
2562,xho
2563,xho
2564,xho
2565,xho
2566,xho
2567,xho
2568,xho
2569,xho
2570,xho
2571,xho
2572,xho
2573,xho
2574,xho
2575,xho
2576,xho
2577,xho
2578,xho
2579,xho
2580,xho
2581,xho
2582,xho
2583,xho
2584,xho
2585,xho
2586,xho
2587,xho
2588,xho
2589,xho
2590,xho
2591,xho
2592,xho
2593,xho
2594,xho
2595,xho
2596,xho
2597,xho
2598,xho
2599,xho
2600,xho
2601,xho
2602,xho
2603,xho
2604,xho
2605,xho
2606,xho
2607,xho
2608,xho
2609,xho
2610,xho
2611,xho
2612,xho
2613,xho
2614,xho
2615,xho
2616,nbl
2617,xho
2618,xho
2619,xho
2620,xho
2621,xho
2622,xho
2623,xho
2624,xho
2625,xho
2626,xho
2627,xho
2628,xho
2629,xho
2630,xho
2631,xho
2632,xho
2633,xho
2634,xho
2635,xho
2636,xho
2637,xho
2638,xho
2639,xho
2640,xho
2641,xho
2642,xho
2643,xho
2644,xho
2645,xho
2646,xho
2647,xho
2648,xho
2649,xho
2650,xho
2651,xho
2652,xho
2653,xho
2654,xho
2655,xho
2656,xho
2657,xho
2658,xho
2659,xho
2660,xho
2661,xho
2662,xho
2663,xho
2664,xho
2665,xho
2666,xho
2667,xho
2668,xho
2669,xho
2670,xho
2671,xho
2672,xho
2673,xho
2674,xho
2675,xho
2676,xho
2677,xho
2678,xho
2679,xho
2680,xho
2681,xho
2682,xho
2683,xho
2684,ssw
2685,xho
2686,xho
2687,zul
2688,xho
2689,xho
2690,xho
2691,xho
2692,xho
2693,xho
2694,xho
2695,xho
2696,xho
2697,xho
2698,xho
2699,xho
2700,xho
2701,xho
2702,xho
2703,xho
2704,xho
2705,xho
2706,xho
2707,xho
2708,xho
2709,xho
2710,xho
2711,xho
2712,xho
2713,xho
2714,xho
2715,xho
2716,ssw
2717,zul
2718,xho
2719,xho
2720,xho
2721,xho
2722,xho
2723,xho
2724,xho
2725,xho
2726,xho
2727,xho
2728,xho
2729,xho
2730,xho
2731,xho
2732,xho
2733,xho
2734,xho
2735,xho
2736,xho
2737,xho
2738,xho
2739,xho
2740,xho
2741,xho
2742,xho
2743,xho
2744,xho
2745,xho
2746,xho
2747,xho
2748,xho
2749,xho
2750,xho
2751,xho
2752,xho
2753,xho
2754,xho
2755,xho
2756,xho
2757,ssw
2758,xho
2759,xho
2760,xho
2761,xho
2762,xho
2763,xho
2764,xho
2765,xho
2766,xho
2767,xho
2768,xho
2769,xho
2770,xho
2771,xho
2772,xho
2773,afr
2774,xho
2775,xho
2776,xho
2777,xho
2778,xho
2779,xho
2780,xho
2781,xho
2782,xho
2783,xho
2784,xho
2785,xho
2786,xho
2787,xho
2788,xho
2789,xho
2790,xho
2791,xho
2792,xho
2793,xho
2794,xho
2795,xho
2796,xho
2797,xho
2798,xho
2799,xho
2800,xho
2801,xho
2802,xho
2803,xho
2804,xho
2805,xho
2806,xho
2807,xho
2808,xho
2809,xho
2810,xho
2811,xho
2812,xho
2813,xho
2814,xho
2815,xho
2816,xho
2817,xho
2818,xho
2819,xho
2820,xho
2821,xho
2822,xho
2823,xho
2824,xho
2825,xho
2826,xho
2827,xho
2828,xho
2829,xho
2830,xho
2831,xho
2832,xho
2833,xho
2834,xho
2835,xho
2836,xho
2837,xho
2838,xho
2839,xho
2840,xho
2841,xho
2842,xho
2843,xho
2844,xho
2845,xho
2846,xho
2847,xho
2848,xho
2849,xho
2850,ssw
2851,ssw
2852,xho
2853,zul
2854,xho
2855,xho
2856,xho
2857,xho
2858,xho
2859,xho
2860,xho
2861,xho
2862,xho
2863,xho
2864,xho
2865,xho
2866,xho
2867,ssw
2868,xho
2869,xho
2870,xho
2871,xho
2872,xho
2873,xho
2874,xho
2875,xho
2876,xho
2877,xho
2878,xho
2879,xho
2880,xho
2881,xho
2882,xho
2883,xho
2884,xho
2885,xho
2886,xho
2887,xho
2888,xho
2889,xho
2890,xho
2891,xho
2892,xho
2893,ssw
2894,xho
2895,xho
2896,xho
2897,xho
2898,xho
2899,xho
2900,xho
2901,xho
2902,xho
2903,xho
2904,xho
2905,xho
2906,xho
2907,xho
2908,xho
2909,xho
2910,xho
2911,xho
2912,xho
2913,afr
2914,xho
2915,xho
2916,xho
2917,xho
2918,xho
2919,xho
2920,xho
2921,xho
2922,xho
2923,zul
2924,xho
2925,xho
2926,xho
2927,xho
2928,xho
2929,nbl
2930,xho
2931,xho
2932,xho
2933,xho
2934,xho
2935,xho
2936,xho
2937,xho
2938,xho
2939,xho
2940,xho
2941,xho
2942,xho
2943,xho
2944,xho
2945,xho
2946,xho
2947,xho
2948,xho
2949,xho
2950,xho
2951,afr
2952,xho
2953,xho
2954,xho
2955,xho
2956,xho
2957,xho
2958,xho
2959,xho
2960,xho
2961,xho
2962,xho
2963,ssw
2964,xho
2965,xho
2966,xho
2967,xho
2968,xho
2969,xho
2970,xho
2971,xho
2972,xho
2973,xho
2974,xho
2975,xho
2976,xho
2977,xho
2978,xho
2979,xho
2980,xho
2981,xho
2982,xho
2983,xho
2984,xho
2985,xho
2986,xho
2987,xho
2988,xho
2989,xho
2990,xho
2991,xho
2992,xho
2993,xho
2994,xho
2995,xho
2996,xho
2997,xho
2998,xho
2999,xho
3000,xho
3001,xho
3002,tsn
3003,xho
3004,xho
3005,xho
3006,xho
3007,xho
3008,xho
3009,xho
3010,xho
3011,xho
3012,xho
3013,xho
3014,xho
3015,xho
3016,xho
3017,xho
3018,xho
3019,nbl
3020,xho
3021,xho
3022,xho
3023,xho
3024,xho
3025,xho
3026,xho
3027,xho
3028,xho
3029,xho
3030,xho
3031,xho
3032,xho
3033,xho
3034,xho
3035,xho
3036,xho
3037,xho
3038,xho
3039,xho
3040,xho
3041,nbl
3042,xho
3043,xho
3044,xho
3045,xho
3046,xho
3047,xho
3048,xho
3049,xho
3050,xho
3051,xho
3052,xho
3053,xho
3054,xho
3055,xho
3056,xho
3057,xho
3058,xho
3059,xho
3060,xho
3061,xho
3062,xho
3063,xho
3064,xho
3065,xho
3066,xho
3067,xho
3068,xho
3069,xho
3070,xho
3071,ssw
3072,xho
3073,xho
3074,xho
3075,xho
3076,xho
3077,xho
3078,xho
3079,xho
3080,xho
3081,xho
3082,xho
3083,xho
3084,xho
3085,xho
3086,xho
3087,xho
3088,xho
3089,xho
3090,xho
3091,xho
3092,xho
3093,xho
3094,xho
3095,xho
3096,xho
3097,xho
3098,xho
3099,xho
3100,xho
3101,xho
3102,xho
3103,xho
3104,xho
3105,xho
3106,xho
3107,xho
3108,xho
3109,xho
3110,xho
3111,xho
3112,xho
3113,xho
3114,xho
3115,xho
3116,xho
3117,xho
3118,xho
3119,xho
3120,xho
3121,xho
3122,xho
3123,xho
3124,xho
3125,xho
3126,xho
3127,xho
3128,xho
3129,xho
3130,xho
3131,xho
3132,xho
3133,xho
3134,xho
3135,xho
3136,xho
3137,xho
3138,zul
3139,xho
3140,xho
3141,xho
3142,xho
3143,xho
3144,ssw
3145,xho
3146,xho
3147,xho
3148,afr
3149,xho
3150,ssw
3151,xho
3152,xho
3153,xho
3154,xho
3155,xho
3156,xho
3157,xho
3158,xho
3159,xho
3160,xho
3161,xho
3162,xho
3163,xho
3164,xho
3165,xho
3166,xho
3167,xho
3168,xho
3169,xho
3170,xho
3171,xho
3172,xho
3173,xho
3174,xho
3175,zul
3176,xho
3177,xho
3178,xho
3179,xho
3180,xho
3181,ssw
3182,ssw
3183,xho
3184,xho
3185,xho
3186,xho
3187,xho
3188,xho
3189,afr
3190,xho
3191,xho
3192,xho
3193,xho
3194,xho
3195,xho
3196,nbl
3197,xho
3198,xho
3199,xho
3200,xho
3201,xho
3202,xho
3203,xho
3204,xho
3205,xho
3206,xho
3207,xho
3208,xho
3209,xho
3210,xho
3211,xho
3212,xho
3213,xho
3214,xho
3215,xho
3216,xho
3217,xho
3218,zul
3219,xho
3220,xho
3221,xho
3222,xho
3223,xho
3224,xho
3225,xho
3226,xho
3227,xho
3228,xho
3229,xho
3230,xho
3231,xho
3232,xho
3233,xho
3234,xho
3235,xho
3236,xho
3237,xho
3238,sot
3239,xho
3240,ssw
3241,xho
3242,xho
3243,xho
3244,xho
3245,xho
3246,xho
3247,xho
3248,xho
3249,xho
3250,nbl
3251,xho
3252,xho
3253,xho
3254,xho
3255,xho
3256,xho
3257,xho
3258,tsn
3259,xho
3260,xho
3261,xho
3262,xho
3263,xho
3264,xho
3265,ssw
3266,xho
3267,ssw
3268,xho
3269,xho
3270,xho
3271,xho
3272,xho
3273,nbl
3274,xho
3275,xho
3276,xho
3277,xho
3278,xho
3279,xho
3280,xho
3281,xho
3282,xho
3283,xho
3284,xho
3285,xho
3286,xho
3287,xho
3288,xho
3289,xho
3290,nbl
3291,xho
3292,xho
3293,xho
3294,xho
3295,xho
3296,xho
3297,xho
3298,xho
3299,xho
3300,xho
3301,xho
3302,xho
3303,xho
3304,xho
3305,xho
3306,xho
3307,xho
3308,xho
3309,xho
3310,xho
3311,xho
3312,xho
3313,xho
3314,xho
3315,xho
3316,xho
3317,xho
3318,ssw
3319,xho
3320,xho
3321,xho
3322,xho
3323,xho
3324,xho
3325,xho
3326,xho
3327,xho
3328,xho
3329,xho
3330,xho
3331,xho
3332,xho
3333,xho
3334,zul
3335,nbl
3336,xho
3337,xho
3338,xho
3339,xho
3340,xho
3341,xho
3342,xho
3343,xho
3344,xho
3345,xho
3346,xho
3347,xho
3348,xho
3349,xho
3350,xho
3351,xho
3352,xho
3353,xho
3354,xho
3355,xho
3356,xho
3357,xho
3358,xho
3359,xho
3360,xho
3361,xho
3362,xho
3363,xho
3364,xho
3365,xho
3366,xho
3367,xho
3368,xho
3369,xho
3370,xho
3371,xho
3372,xho
3373,xho
3374,xho
3375,xho
3376,xho
3377,xho
3378,xho
3379,xho
3380,xho
3381,xho
3382,xho
3383,xho
3384,xho
3385,xho
3386,ssw
3387,ssw
3388,xho
3389,xho
3390,xho
3391,xho
3392,xho
3393,xho
3394,xho
3395,xho
3396,xho
3397,xho
3398,xho
3399,xho
3400,xho
3401,xho
3402,xho
3403,xho
3404,xho
3405,xho
3406,zul
3407,xho
3408,xho
3409,xho
3410,xho
3411,ssw
3412,xho
3413,xho
3414,xho
3415,xho
3416,xho
3417,xho
3418,xho
3419,xho
3420,xho
3421,xho
3422,xho
3423,xho
3424,xho
3425,xho
3426,xho
3427,xho
3428,xho
3429,nbl
3430,xho
3431,xho
3432,ssw
3433,xho
3434,xho
3435,xho
3436,xho
3437,xho
3438,xho
3439,xho
3440,xho
3441,xho
3442,xho
3443,xho
3444,xho
3445,xho
3446,xho
3447,xho
3448,xho
3449,xho
3450,xho
3451,xho
3452,xho
3453,xho
3454,xho
3455,xho
3456,xho
3457,xho
3458,xho
3459,ssw
3460,xho
3461,xho
3462,ssw
3463,xho
3464,xho
3465,xho
3466,xho
3467,xho
3468,xho
3469,ssw
3470,xho
3471,xho
3472,xho
3473,xho
3474,xho
3475,xho
3476,xho
3477,xho
3478,xho
3479,xho
3480,xho
3481,xho
3482,xho
3483,xho
3484,xho
3485,xho
3486,xho
3487,xho
3488,xho
3489,xho
3490,xho
3491,xho
3492,zul
3493,xho
3494,ssw
3495,xho
3496,xho
3497,xho
3498,xho
3499,xho
3500,xho
3501,xho
3502,xho
3503,xho
3504,xho
3505,xho
3506,xho
3507,xho
3508,xho
3509,xho
3510,xho
3511,xho
3512,xho
3513,xho
3514,xho
3515,xho
3516,xho
3517,xho
3518,nbl
3519,xho
3520,xho
3521,xho
3522,xho
3523,xho
3524,xho
3525,xho
3526,xho
3527,xho
3528,xho
3529,xho
3530,xho
3531,xho
3532,xho
3533,xho
3534,xho
3535,xho
3536,xho
3537,xho
3538,xho
3539,xho
3540,xho
3541,xho
3542,xho
3543,xho
3544,xho
3545,xho
3546,xho
3547,xho
3548,xho
3549,xho
3550,xho
3551,xho
3552,xho
3553,xho
3554,xho
3555,xho
3556,xho
3557,xho
3558,xho
3559,xho
3560,xho
3561,xho
3562,xho
3563,xho
3564,xho
3565,xho
3566,xho
3567,xho
3568,xho
3569,xho
3570,xho
3571,xho
3572,xho
3573,xho
3574,xho
3575,xho
3576,xho
3577,xho
3578,xho
3579,xho
3580,xho
3581,xho
3582,xho
3583,xho
3584,xho
3585,xho
3586,xho
3587,xho
3588,xho
3589,xho
3590,xho
3591,xho
3592,xho
3593,xho
3594,xho
3595,xho
3596,xho
3597,xho
3598,xho
3599,xho
3600,xho
3601,xho
3602,xho
3603,xho
3604,xho
3605,xho
3606,xho
3607,xho
3608,xho
3609,xho
3610,xho
3611,xho
3612,xho
3613,xho
3614,xho
3615,xho
3616,xho
3617,xho
3618,xho
3619,ssw
3620,xho
3621,xho
3622,xho
3623,xho
3624,xho
3625,xho
3626,xho
3627,xho
3628,xho
3629,xho
3630,xho
3631,xho
3632,xho
3633,xho
3634,xho
3635,xho
3636,xho
3637,xho
3638,xho
3639,xho
3640,xho
3641,xho
3642,xho
3643,ssw
3644,xho
3645,xho
3646,xho
3647,xho
3648,xho
3649,xho
3650,xho
3651,xho
3652,xho
3653,xho
3654,xho
3655,ssw
3656,xho
3657,xho
3658,xho
3659,xho
3660,xho
3661,xho
3662,xho
3663,xho
3664,xho
3665,xho
3666,xho
3667,xho
3668,xho
3669,xho
3670,xho
3671,xho
3672,xho
3673,xho
3674,xho
3675,xho
3676,xho
3677,xho
3678,xho
3679,xho
3680,xho
3681,xho
3682,xho
3683,xho
3684,xho
3685,xho
3686,xho
3687,xho
3688,xho
3689,xho
3690,xho
3691,xho
3692,xho
3693,xho
3694,xho
3695,xho
3696,xho
3697,ssw
3698,xho
3699,xho
3700,xho
3701,xho
3702,xho
3703,xho
3704,xho
3705,xho
3706,xho
3707,zul
3708,xho
3709,xho
3710,xho
3711,xho
3712,xho
3713,xho
3714,xho
3715,xho
3716,xho
3717,xho
3718,xho
3719,xho
3720,xho
3721,xho
3722,xho
3723,xho
3724,xho
3725,xho
3726,xho
3727,xho
3728,xho
3729,xho
3730,xho
3731,ssw
3732,xho
3733,xho
3734,xho
3735,xho
3736,xho
3737,xho
3738,xho
3739,xho
3740,xho
3741,xho
3742,xho
3743,xho
3744,xho
3745,xho
3746,xho
3747,xho
3748,xho
3749,xho
3750,xho
3751,xho
3752,xho
3753,xho
3754,xho
3755,xho
3756,xho
3757,xho
3758,xho
3759,xho
3760,xho
3761,xho
3762,xho
3763,xho
3764,xho
3765,xho
3766,xho
3767,xho
3768,xho
3769,xho
3770,xho
3771,xho
3772,xho
3773,xho
3774,xho
3775,xho
3776,xho
3777,zul
3778,xho
3779,xho
3780,xho
3781,xho
3782,xho
3783,xho
3784,xho
3785,zul
3786,xho
3787,xho
3788,xho
3789,zul
3790,xho
3791,xho
3792,xho
3793,xho
3794,xho
3795,xho
3796,xho
3797,xho
3798,ssw
3799,xho
3800,xho
3801,xho
3802,xho
3803,xho
3804,xho
3805,xho
3806,xho
3807,xho
3808,xho
3809,xho
3810,xho
3811,xho
3812,xho
3813,xho
3814,xho
3815,xho
3816,xho
3817,ssw
3818,xho
3819,xho
3820,xho
3821,xho
3822,xho
3823,xho
3824,xho
3825,xho
3826,xho
3827,xho
3828,xho
3829,xho
3830,xho
3831,xho
3832,xho
3833,xho
3834,xho
3835,xho
3836,xho
3837,xho
3838,nbl
3839,xho
3840,xho
3841,xho
3842,xho
3843,xho
3844,xho
3845,xho
3846,xho
3847,xho
3848,xho
3849,xho
3850,xho
3851,xho
3852,xho
3853,ssw
3854,xho
3855,xho
3856,xho
3857,xho
3858,xho
3859,xho
3860,xho
3861,xho
3862,xho
3863,xho
3864,xho
3865,xho
3866,xho
3867,xho
3868,xho
3869,xho
3870,xho
3871,xho
3872,xho
3873,xho
3874,xho
3875,xho
3876,xho
3877,xho
3878,ssw
3879,xho
3880,xho
3881,xho
3882,xho
3883,xho
3884,xho
3885,xho
3886,xho
3887,xho
3888,xho
3889,xho
3890,xho
3891,xho
3892,xho
3893,xho
3894,xho
3895,xho
3896,xho
3897,xho
3898,xho
3899,xho
3900,xho
3901,xho
3902,xho
3903,xho
3904,xho
3905,xho
3906,xho
3907,xho
3908,xho
3909,xho
3910,xho
3911,xho
3912,xho
3913,xho
3914,xho
3915,xho
3916,xho
3917,nbl
3918,xho
3919,xho
3920,xho
3921,ssw
3922,xho
3923,xho
3924,xho
3925,xho
3926,xho
3927,xho
3928,xho
3929,xho
3930,xho
3931,xho
3932,xho
3933,xho
3934,xho
3935,xho
3936,xho
3937,xho
3938,xho
3939,xho
3940,xho
3941,xho
3942,xho
3943,xho
3944,xho
3945,xho
3946,xho
3947,xho
3948,xho
3949,xho
3950,xho
3951,xho
3952,xho
3953,xho
3954,xho
3955,xho
3956,xho
3957,xho
3958,xho
3959,xho
3960,xho
3961,xho
3962,xho
3963,xho
3964,xho
3965,xho
3966,xho
3967,xho
3968,xho
3969,xho
3970,xho
3971,xho
3972,xho
3973,xho
3974,xho
3975,xho
3976,xho
3977,xho
3978,xho
3979,xho
3980,xho
3981,xho
3982,xho
3983,xho
3984,xho
3985,xho
3986,xho
3987,xho
3988,xho
3989,xho
3990,xho
3991,xho
3992,xho
3993,xho
3994,nbl
3995,xho
3996,xho
3997,xho
3998,xho
3999,xho
4000,xho
4001,xho
4002,xho
4003,xho
4004,xho
4005,xho
4006,xho
4007,xho
4008,xho
4009,xho
4010,xho
4011,xho
4012,xho
4013,xho
4014,xho
4015,xho
4016,xho
4017,xho
4018,xho
4019,xho
4020,xho
4021,xho
4022,xho
4023,xho
4024,xho
4025,ssw
4026,xho
4027,xho
4028,xho
4029,xho
4030,xho
4031,xho
4032,xho
4033,xho
4034,xho
4035,xho
4036,xho
4037,xho
4038,xho
4039,xho
4040,xho
4041,xho
4042,xho
4043,xho
4044,xho
4045,xho
4046,xho
4047,xho
4048,xho
4049,xho
4050,xho
4051,xho
4052,xho
4053,xho
4054,xho
4055,xho
4056,xho
4057,xho
4058,xho
4059,xho
4060,xho
4061,xho
4062,xho
4063,xho
4064,ssw
4065,xho
4066,xho
4067,xho
4068,xho
4069,xho
4070,xho
4071,xho
4072,xho
4073,xho
4074,xho
4075,xho
4076,xho
4077,xho
4078,xho
4079,xho
4080,xho
4081,xho
4082,xho
4083,xho
4084,xho
4085,xho
4086,xho
4087,xho
4088,xho
4089,xho
4090,xho
4091,xho
4092,xho
4093,xho
4094,xho
4095,xho
4096,xho
4097,xho
4098,xho
4099,xho
4100,xho
4101,xho
4102,xho
4103,xho
4104,xho
4105,xho
4106,xho
4107,xho
4108,xho
4109,xho
4110,xho
4111,xho
4112,xho
4113,xho
4114,xho
4115,xho
4116,xho
4117,xho
4118,xho
4119,xho
4120,xho
4121,xho
4122,xho
4123,zul
4124,xho
4125,xho
4126,xho
4127,xho
4128,xho
4129,xho
4130,xho
4131,xho
4132,xho
4133,xho
4134,xho
4135,xho
4136,xho
4137,xho
4138,xho
4139,ssw
4140,xho
4141,xho
4142,ssw
4143,xho
4144,xho
4145,xho
4146,xho
4147,xho
4148,xho
4149,xho
4150,xho
4151,xho
4152,xho
4153,xho
4154,xho
4155,xho
4156,xho
4157,xho
4158,xho
4159,xho
4160,xho
4161,xho
4162,xho
4163,xho
4164,xho
4165,xho
4166,xho
4167,xho
4168,xho
4169,xho
4170,xho
4171,xho
4172,xho
4173,xho
4174,xho
4175,xho
4176,xho
4177,xho
4178,xho
4179,xho
4180,xho
4181,xho
4182,xho
4183,xho
4184,ssw
4185,xho
4186,xho
4187,xho
4188,xho
4189,xho
4190,xho
4191,xho
4192,xho
4193,xho
4194,xho
4195,xho
4196,xho
4197,xho
4198,xho
4199,xho
4200,xho
4201,xho
4202,xho
4203,xho
4204,xho
4205,xho
4206,xho
4207,xho
4208,xho
4209,xho
4210,xho
4211,xho
4212,ssw
4213,xho
4214,xho
4215,xho
4216,xho
4217,xho
4218,xho
4219,xho
4220,xho
4221,xho
4222,xho
4223,xho
4224,xho
4225,xho
4226,xho
4227,xho
4228,xho
4229,xho
4230,xho
4231,xho
4232,xho
4233,xho
4234,xho
4235,xho
4236,xho
4237,xho
4238,xho
4239,xho
4240,xho
4241,xho
4242,xho
4243,xho
4244,xho
4245,xho
4246,xho
4247,xho
4248,xho
4249,xho
4250,xho
4251,xho
4252,xho
4253,xho
4254,xho
4255,xho
4256,xho
4257,xho
4258,xho
4259,xho
4260,xho
4261,xho
4262,xho
4263,xho
4264,xho
4265,xho
4266,xho
4267,xho
4268,xho
4269,xho
4270,xho
4271,xho
4272,ssw
4273,xho
4274,xho
4275,xho
4276,xho
4277,xho
4278,xho
4279,xho
4280,zul
4281,xho
4282,xho
4283,xho
4284,xho
4285,xho
4286,ssw
4287,xho
4288,xho
4289,xho
4290,xho
4291,xho
4292,xho
4293,xho
4294,xho
4295,xho
4296,xho
4297,xho
4298,xho
4299,xho
4300,xho
4301,xho
4302,xho
4303,xho
4304,xho
4305,xho
4306,xho
4307,xho
4308,xho
4309,xho
4310,xho
4311,xho
4312,xho
4313,nbl
4314,nbl
4315,xho
4316,xho
4317,xho
4318,xho
4319,xho
4320,xho
4321,xho
4322,xho
4323,xho
4324,xho
4325,xho
4326,xho
4327,xho
4328,xho
4329,xho
4330,xho
4331,xho
4332,xho
4333,xho
4334,xho
4335,xho
4336,xho
4337,xho
4338,xho
4339,ssw
4340,xho
4341,xho
4342,xho
4343,xho
4344,xho
4345,xho
4346,xho
4347,xho
4348,xho
4349,xho
4350,xho
4351,xho
4352,xho
4353,xho
4354,xho
4355,xho
4356,xho
4357,xho
4358,xho
4359,xho
4360,xho
4361,xho
4362,xho
4363,xho
4364,xho
4365,xho
4366,xho
4367,xho
4368,xho
4369,xho
4370,xho
4371,xho
4372,xho
4373,xho
4374,xho
4375,xho
4376,xho
4377,xho
4378,xho
4379,xho
4380,xho
4381,xho
4382,xho
4383,xho
4384,xho
4385,xho
4386,xho
4387,xho
4388,xho
4389,xho
4390,xho
4391,xho
4392,xho
4393,xho
4394,xho
4395,zul
4396,xho
4397,xho
4398,xho
4399,xho
4400,xho
4401,xho
4402,xho
4403,xho
4404,xho
4405,xho
4406,xho
4407,xho
4408,xho
4409,xho
4410,xho
4411,xho
4412,xho
4413,xho
4414,xho
4415,xho
4416,xho
4417,xho
4418,xho
4419,xho
4420,ssw
4421,xho
4422,xho
4423,xho
4424,xho
4425,xho
4426,xho
4427,xho
4428,xho
4429,xho
4430,xho
4431,xho
4432,xho
4433,xho
4434,xho
4435,xho
4436,xho
4437,xho
4438,xho
4439,xho
4440,xho
4441,xho
4442,xho
4443,xho
4444,xho
4445,xho
4446,xho
4447,xho
4448,xho
4449,xho
4450,xho
4451,xho
4452,xho
4453,xho
4454,xho
4455,xho
4456,xho
4457,xho
4458,xho
4459,xho
4460,xho
4461,xho
4462,xho
4463,xho
4464,xho
4465,xho
4466,xho
4467,zul
4468,xho
4469,xho
4470,xho
4471,xho
4472,xho
4473,xho
4474,xho
4475,xho
4476,xho
4477,xho
4478,xho
4479,xho
4480,xho
4481,xho
4482,xho
4483,xho
4484,xho
4485,xho
4486,xho
4487,xho
4488,xho
4489,xho
4490,xho
4491,xho
4492,xho
4493,xho
4494,ssw
4495,xho
4496,xho
4497,xho
4498,xho
4499,xho
4500,xho
4501,ssw
4502,xho
4503,xho
4504,xho
4505,xho
4506,xho
4507,xho
4508,xho
4509,xho
4510,xho
4511,xho
4512,xho
4513,xho
4514,xho
4515,xho
4516,xho
4517,xho
4518,xho
4519,xho
4520,xho
4521,xho
4522,xho
4523,xho
4524,xho
4525,xho
4526,xho
4527,xho
4528,xho
4529,xho
4530,xho
4531,xho
4532,xho
4533,ssw
4534,xho
4535,xho
4536,xho
4537,xho
4538,xho
4539,xho
4540,xho
4541,xho
4542,xho
4543,xho
4544,xho
4545,xho
4546,xho
4547,xho
4548,xho
4549,xho
4550,xho
4551,xho
4552,afr
4553,xho
4554,xho
4555,xho
4556,xho
4557,xho
4558,xho
4559,xho
4560,xho
4561,xho
4562,xho
4563,xho
4564,xho
4565,xho
4566,xho
4567,xho
4568,xho
4569,xho
4570,xho
4571,xho
4572,xho
4573,xho
4574,xho
4575,xho
4576,xho
4577,xho
4578,xho
4579,xho
4580,xho
4581,xho
4582,xho
4583,xho
4584,xho
4585,xho
4586,xho
4587,xho
4588,xho
4589,xho
4590,xho
4591,xho
4592,xho
4593,xho
4594,xho
4595,xho
4596,xho
4597,xho
4598,xho
4599,nbl
4600,xho
4601,xho
4602,xho
4603,xho
4604,xho
4605,xho
4606,xho
4607,xho
4608,xho
4609,xho
4610,xho
4611,xho
4612,xho
4613,xho
4614,xho
4615,xho
4616,xho
4617,xho
4618,xho
4619,xho
4620,xho
4621,xho
4622,xho
4623,xho
4624,xho
4625,xho
4626,xho
4627,xho
4628,afr
4629,xho
4630,xho
4631,xho
4632,xho
4633,xho
4634,xho
4635,xho
4636,xho
4637,xho
4638,xho
4639,tsn
4640,xho
4641,xho
4642,xho
4643,xho
4644,xho
4645,xho
4646,xho
4647,xho
4648,xho
4649,xho
4650,xho
4651,xho
4652,xho
4653,xho
4654,xho
4655,xho
4656,xho
4657,ssw
4658,xho
4659,xho
4660,xho
4661,xho
4662,xho
4663,xho
4664,xho
4665,xho
4666,xho
4667,xho
4668,xho
4669,xho
4670,xho
4671,xho
4672,xho
4673,xho
4674,nbl
4675,xho
4676,xho
4677,xho
4678,xho
4679,xho
4680,xho
4681,xho
4682,xho
4683,xho
4684,xho
4685,xho
4686,xho
4687,xho
4688,xho
4689,xho
4690,xho
4691,xho
4692,xho
4693,xho
4694,xho
4695,xho
4696,xho
4697,xho
4698,xho
4699,xho
4700,xho
4701,xho
4702,xho
4703,xho
4704,xho
4705,xho
4706,xho
4707,xho
4708,xho
4709,xho
4710,xho
4711,xho
4712,xho
4713,xho
4714,xho
4715,xho
4716,xho
4717,xho
4718,xho
4719,xho
4720,xho
4721,xho
4722,xho
4723,xho
4724,xho
4725,xho
4726,xho
4727,xho
4728,xho
4729,xho
4730,xho
4731,xho
4732,xho
4733,xho
4734,xho
4735,xho
4736,xho
4737,xho
4738,xho
4739,zul
4740,xho
4741,xho
4742,xho
4743,xho
4744,xho
4745,xho
4746,xho
4747,xho
4748,xho
4749,xho
4750,xho
4751,xho
4752,zul
4753,xho
4754,xho
4755,xho
4756,afr
4757,xho
4758,xho
4759,xho
4760,xho
4761,xho
4762,xho
4763,xho
4764,xho
4765,xho
4766,xho
4767,xho
4768,xho
4769,xho
4770,xho
4771,xho
4772,xho
4773,xho
4774,ssw
4775,xho
4776,xho
4777,xho
4778,xho
4779,xho
4780,xho
4781,xho
4782,xho
4783,xho
4784,xho
4785,xho
4786,xho
4787,xho
4788,xho
4789,xho
4790,xho
4791,xho
4792,xho
4793,xho
4794,xho
4795,xho
4796,xho
4797,xho
4798,xho
4799,xho
4800,xho
4801,xho
4802,xho
4803,tsn
4804,xho
4805,xho
4806,xho
4807,xho
4808,xho
4809,nbl
4810,xho
4811,xho
4812,xho
4813,xho
4814,xho
4815,xho
4816,xho
4817,xho
4818,xho
4819,xho
4820,xho
4821,xho
4822,xho
4823,xho
4824,xho
4825,xho
4826,xho
4827,afr
4828,nbl
4829,xho
4830,ssw
4831,xho
4832,xho
4833,xho
4834,xho
4835,xho
4836,xho
4837,xho
4838,xho
4839,xho
4840,xho
4841,xho
4842,xho
4843,xho
4844,xho
4845,xho
4846,xho
4847,xho
4848,xho
4849,xho
4850,xho
4851,xho
4852,xho
4853,xho
4854,xho
4855,xho
4856,xho
4857,xho
4858,xho
4859,xho
4860,xho
4861,xho
4862,xho
4863,ssw
4864,xho
4865,xho
4866,xho
4867,xho
4868,xho
4869,xho
4870,xho
4871,xho
4872,xho
4873,xho
4874,xho
4875,xho
4876,xho
4877,xho
4878,xho
4879,xho
4880,xho
4881,xho
4882,xho
4883,xho
4884,xho
4885,xho
4886,xho
4887,ssw
4888,xho
4889,xho
4890,ssw
4891,xho
4892,xho
4893,xho
4894,xho
4895,xho
4896,xho
4897,xho
4898,xho
4899,xho
4900,xho
4901,xho
4902,xho
4903,xho
4904,xho
4905,xho
4906,xho
4907,xho
4908,xho
4909,xho
4910,xho
4911,xho
4912,xho
4913,xho
4914,xho
4915,xho
4916,xho
4917,xho
4918,xho
4919,xho
4920,xho
4921,xho
4922,xho
4923,xho
4924,xho
4925,xho
4926,xho
4927,xho
4928,xho
4929,xho
4930,xho
4931,xho
4932,xho
4933,xho
4934,xho
4935,xho
4936,xho
4937,xho
4938,xho
4939,zul
4940,xho
4941,xho
4942,xho
4943,xho
4944,xho
4945,xho
4946,xho
4947,xho
4948,xho
4949,xho
4950,xho
4951,xho
4952,xho
4953,xho
4954,ssw
4955,xho
4956,xho
4957,xho
4958,xho
4959,xho
4960,xho
4961,xho
4962,ssw
4963,xho
4964,xho
4965,xho
4966,xho
4967,xho
4968,zul
4969,xho
4970,xho
4971,xho
4972,xho
4973,ssw
4974,xho
4975,xho
4976,xho
4977,xho
4978,xho
4979,xho
4980,zul
4981,xho
4982,xho
4983,xho
4984,xho
4985,xho
4986,xho
4987,xho
4988,xho
4989,xho
4990,xho
4991,xho
4992,xho
4993,xho
4994,xho
4995,xho
4996,xho
4997,xho
4998,xho
4999,xho
5000,xho
5001,xho
5002,xho
5003,xho
5004,xho
5005,xho
5006,xho
5007,xho
5008,xho
5009,xho
5010,xho
5011,xho
5012,xho
5013,xho
5014,xho
5015,xho
5016,xho
5017,xho
5018,xho
5019,xho
5020,xho
5021,xho
5022,xho
5023,xho
5024,xho
5025,xho
5026,xho
5027,xho
5028,xho
5029,xho
5030,xho
5031,xho
5032,xho
5033,xho
5034,xho
5035,xho
5036,xho
5037,xho
5038,xho
5039,xho
5040,xho
5041,xho
5042,xho
5043,xho
5044,xho
5045,xho
5046,xho
5047,xho
5048,xho
5049,xho
5050,xho
5051,xho
5052,xho
5053,xho
5054,xho
5055,xho
5056,xho
5057,xho
5058,xho
5059,xho
5060,xho
5061,xho
5062,xho
5063,xho
5064,xho
5065,xho
5066,xho
5067,xho
5068,xho
5069,xho
5070,xho
5071,xho
5072,xho
5073,xho
5074,xho
5075,xho
5076,xho
5077,xho
5078,xho
5079,xho
5080,zul
5081,xho
5082,xho
5083,ssw
5084,xho
5085,xho
5086,nso
5087,xho
5088,xho
5089,xho
5090,xho
5091,nbl
5092,xho
5093,xho
5094,xho
5095,xho
5096,xho
5097,xho
5098,xho
5099,xho
5100,xho
5101,afr
5102,xho
5103,xho
5104,xho
5105,xho
5106,xho
5107,xho
5108,xho
5109,xho
5110,xho
5111,xho
5112,xho
5113,xho
5114,xho
5115,xho
5116,xho
5117,xho
5118,xho
5119,xho
5120,xho
5121,xho
5122,xho
5123,xho
5124,xho
5125,xho
5126,xho
5127,xho
5128,ssw
5129,xho
5130,xho
5131,xho
5132,xho
5133,xho
5134,xho
5135,xho
5136,xho
5137,xho
5138,xho
5139,xho
5140,xho
5141,ssw
5142,xho
5143,xho
5144,xho
5145,xho
5146,xho
5147,xho
5148,xho
5149,xho
5150,xho
5151,xho
5152,xho
5153,xho
5154,xho
5155,xho
5156,xho
5157,xho
5158,xho
5159,xho
5160,ssw
5161,xho
5162,xho
5163,xho
5164,xho
5165,eng
5166,xho
5167,xho
5168,zul
5169,xho
5170,zul
5171,xho
5172,xho
5173,nbl
5174,xho
5175,afr
5176,xho
5177,xho
5178,xho
5179,xho
5180,xho
5181,xho
5182,xho
5183,xho
5184,xho
5185,xho
5186,xho
5187,xho
5188,xho
5189,xho
5190,xho
5191,xho
5192,ssw
5193,xho
5194,xho
5195,xho
5196,xho
5197,xho
5198,xho
5199,xho
5200,xho
5201,xho
5202,xho
5203,nbl
5204,xho
5205,xho
5206,xho
5207,xho
5208,xho
5209,xho
5210,xho
5211,xho
5212,xho
5213,xho
5214,xho
5215,xho
5216,xho
5217,xho
5218,xho
5219,xho
5220,zul
5221,xho
5222,xho
5223,xho
5224,xho
5225,xho
5226,xho
5227,xho
5228,xho
5229,xho
5230,xho
5231,xho
5232,xho
5233,xho
5234,xho
5235,xho
5236,xho
5237,xho
5238,xho
5239,xho
5240,xho
5241,xho
5242,xho
5243,xho
5244,xho
5245,xho
5246,xho
5247,xho
5248,xho
5249,xho
5250,xho
5251,ssw
5252,xho
5253,afr
5254,xho
5255,xho
5256,xho
5257,xho
5258,xho
5259,xho
5260,xho
5261,xho
5262,xho
5263,xho
5264,xho
5265,xho
5266,xho
5267,xho
5268,xho
5269,xho
5270,xho
5271,xho
5272,xho
5273,ssw
5274,xho
5275,xho
5276,xho
5277,xho
5278,xho
5279,xho
5280,xho
5281,xho
5282,ssw
5283,nbl
5284,xho
5285,xho
5286,xho
5287,xho
5288,xho
5289,xho
5290,nbl
5291,xho
5292,xho
5293,xho
5294,xho
5295,xho
5296,xho
5297,xho
5298,xho
5299,xho
5300,xho
5301,xho
5302,xho
5303,xho
5304,xho
5305,xho
5306,xho
5307,xho
5308,xho
5309,xho
5310,xho
5311,xho
5312,xho
5313,xho
5314,xho
5315,xho
5316,xho
5317,xho
5318,xho
5319,xho
5320,xho
5321,xho
5322,xho
5323,xho
5324,xho
5325,xho
5326,xho
5327,xho
5328,xho
5329,xho
5330,xho
5331,xho
5332,xho
5333,xho
5334,nbl
5335,xho
5336,xho
5337,xho
5338,xho
5339,xho
5340,xho
5341,xho
5342,xho
5343,xho
5344,xho
5345,xho
5346,xho
5347,xho
5348,xho
5349,xho
5350,xho
5351,xho
5352,xho
5353,xho
5354,xho
5355,xho
5356,xho
5357,xho
5358,xho
5359,xho
5360,xho
5361,xho
5362,xho
5363,nbl
5364,xho
5365,xho
5366,xho
5367,zul
5368,xho
5369,xho
5370,xho
5371,xho
5372,xho
5373,xho
5374,xho
5375,xho
5376,xho
5377,xho
5378,xho
5379,xho
5380,xho
5381,xho
5382,xho
5383,xho
5384,xho
5385,xho
5386,xho
5387,xho
5388,xho
5389,xho
5390,xho
5391,xho
5392,xho
5393,xho
5394,xho
5395,xho
5396,xho
5397,xho
5398,xho
5399,xho
5400,xho
5401,xho
5402,xho
5403,xho
5404,xho
5405,xho
5406,xho
5407,xho
5408,xho
5409,xho
5410,xho
5411,xho
5412,xho
5413,xho
5414,xho
5415,xho
5416,xho
5417,xho
5418,xho
5419,xho
5420,xho
5421,xho
5422,xho
5423,xho
5424,xho
5425,xho
5426,xho
5427,xho
5428,xho
5429,xho
5430,xho
5431,xho
5432,xho
5433,xho
5434,xho
5435,xho
5436,afr
5437,xho
5438,xho
5439,xho
5440,xho
5441,xho
5442,xho
5443,xho
5444,ssw
5445,xho
5446,xho
5447,xho
5448,xho
5449,xho
5450,xho
5451,xho
5452,xho
5453,xho
5454,xho
5455,xho
5456,xho
5457,xho
5458,xho
5459,xho
5460,xho
5461,xho
5462,xho
5463,xho
5464,xho
5465,xho
5466,xho
5467,xho
5468,xho
5469,xho
5470,xho
5471,xho
5472,xho
5473,xho
5474,xho
5475,xho
5476,xho
5477,xho
5478,xho
5479,xho
5480,xho
5481,xho
5482,xho
5483,xho
5484,xho
5485,xho
5486,xho
5487,xho
5488,xho
5489,xho
5490,xho
5491,xho
5492,xho
5493,xho
5494,xho
5495,xho
5496,xho
5497,tsn
5498,xho
5499,xho
5500,xho
5501,xho
5502,xho
5503,xho
5504,xho
5505,xho
5506,xho
5507,xho
5508,xho
5509,xho
5510,xho
5511,xho
5512,xho
5513,xho
5514,xho
5515,xho
5516,xho
5517,xho
5518,xho
5519,xho
5520,xho
5521,xho
5522,xho
5523,xho
5524,xho
5525,xho
5526,xho
5527,xho
5528,xho
5529,xho
5530,xho
5531,xho
5532,xho
5533,xho
5534,xho
5535,xho
5536,xho
5537,xho
5538,xho
5539,xho
5540,xho
5541,xho
5542,xho
5543,xho
5544,xho
5545,xho
5546,xho
5547,xho
5548,xho
5549,xho
5550,xho
5551,xho
5552,xho
5553,xho
5554,xho
5555,xho
5556,xho
5557,xho
5558,xho
5559,xho
5560,xho
5561,xho
5562,xho
5563,xho
5564,xho
5565,xho
5566,xho
5567,xho
5568,xho
5569,xho
5570,xho
5571,xho
5572,xho
5573,xho
5574,xho
5575,xho
5576,xho
5577,xho
5578,xho
5579,xho
5580,xho
5581,xho
5582,ssw
5583,xho
5584,xho
5585,xho
5586,xho
5587,xho
5588,xho
5589,xho
5590,xho
5591,xho
5592,xho
5593,xho
5594,xho
5595,xho
5596,xho
5597,xho
5598,xho
5599,xho
5600,xho
5601,xho
5602,xho
5603,xho
5604,xho
5605,xho
5606,xho
5607,xho
5608,xho
5609,xho
5610,xho
5611,xho
5612,xho
5613,xho
5614,xho
5615,xho
5616,xho
5617,xho
5618,xho
5619,xho
5620,xho
5621,xho
5622,xho
5623,ssw
5624,xho
5625,xho
5626,xho
5627,xho
5628,xho
5629,xho
5630,xho
5631,xho
5632,xho
5633,xho
5634,xho
5635,xho
5636,xho
5637,xho
5638,xho
5639,xho
5640,xho
5641,xho
5642,xho
5643,xho
5644,xho
5645,xho
5646,xho
5647,xho
5648,xho
5649,xho
5650,xho
5651,xho
5652,xho
5653,nbl
5654,xho
5655,xho
5656,xho
5657,xho
5658,xho
5659,xho
5660,xho
5661,xho
5662,xho
5663,xho
5664,xho
5665,xho
5666,xho
5667,xho
5668,xho
5669,xho
5670,xho
5671,xho
5672,xho
5673,xho
5674,xho
5675,xho
5676,xho
5677,xho
5678,xho
5679,xho
5680,xho
5681,xho
5682,xho
